,Text,Date,Favorites,Retweets,Mentions,HashTags
43,Great Depression starts tomorrow as soon as the stock market opens this is when the rich get richer and the poor lose everything. Mark my words.,2020-03-15 22:39:59+00:00,19,142,0,0
52,Yâ€™all feeling more at ease or safer after the new briefing put out by the WH on the coronavirus? The first thing tRump brought up was the Fed cutting the interest rates I figure to push the stock market. Not a damn word about the sick and the ones that have lost their life.,2020-03-15 22:24:52+00:00,103,297,0,0
104,Sec. @stevenmnuchin1 made the rounds on Sunday news shows to reassure the public that the stock market will rebound and recession will be avoided. He boasted that business is booming at supermarkets and drug stores as consumers rush to stock up on supplies before they're gone.,2020-03-15 18:52:41+00:00,19,183,@stevenmnuchin1,0
142,ONE-DAY BOUNCE DOES NOT GET STOCK MARKET OUT OF THE #TrumpSlump.,2020-03-15 15:23:08+00:00,13,48,0,#TrumpSlump
153,This is just blatantly untrue. Beginning after CDC warning 2/25 basically every dem besides Deblasio changes tune while Trump spent another month spouting nonsense about the flu and the stock market and the numbers getting better. https://thebulwark.com/warnings-ignored-a-timeline-of-trumps-covid-19-response/,2020-04-01 18:50:39+00:00,142,694,0,0
162,"This week, in only 4 days, we had more than 7000 deaths. Ask those families if the record Stock Market increase eases their grief. ",2020-04-10 12:07:21+00:00,531,1392,0,0
167,"Weâ€™ve just seen one of the worst weeks in stock market history, not to mention a tumble in oil prices and travel bans implemented around the world. These 7 extraordinary graphs help explain the economic impact of Covid-19: ",2020-03-15 13:07:48+00:00,17,58,0,0
188,"ABU DHABI STOCK MARKET SAYS TEMPORARILY CLOSING TRADING HALLS STARTING 15TH MARCH UNTIL FURTHER NOTICE DUE TO ""CURRENT GLOBAL VIRAL OUTBREAK"" - REUTERS",2020-03-15 09:13:56+00:00,56,85,0,0
190,"Trump has created a disaster of epic proportions. But the stock market, right? JFC! ",2020-03-15 08:38:25+00:00,11,12,0,0
245,"Weeks and weeks of lost time as Trump turned away @WHO test kits and shut down the testing done by the Seattle researcher. Now we are left chasing the bus, except Trump STILL only cares about juicing the stock market. Where are the tests, Ted? ",2020-03-14 22:07:10+00:00,17,49,@WHO,0
277,"The only time Trump took the #TrumpPlague serious was when the stock market crashed on Black Thursday, March 12th. ",2020-03-14 19:17:02+00:00,30,80,0,#TrumpPlague
295,"If you think you have seen it all in terms of volatility in the stock market, read below. Market Volatility Not Yet at 2008 Highs https://www.priceactionlab.com/Blog/2020/03/market-volatility/ $SPX $SPY #ES_F #volatility",2020-03-14 18:18:56+00:00,4,26,0,#ES_F #volatility
343,President Trump is bragging more than ever before - about how great the stock market is doing - because of his conference. This is a disgrace. It's scary. We are literally on our own. Trump is not competent for this crisis.,2020-03-14 16:23:35+00:00,32,100,0,0
355,"It took weeks for the lying MSM and Dems in front of cameras to drive Americans into irrational panic and hysteria and tumble the Stock Market. It took @realDonaldTrump less than an hour yesterday to bring back rationality, calm, and a roaring Market. EXPERIENCE &amp; LEADERSHIP! ",2020-03-14 15:52:41+00:00,143,249,@realDonaldTrump,0
390,every trump tweet about the stock market is better if you pretend itâ€™s christopher saying it https://twitter.com/realDonaldTrump/status/1238799084263260161,2020-03-14 14:00:53+00:00,53,539,0,0
415,"Lord, our trust is not in idols. We don't trust sports. We don't trust entertainment. We don't trust government. We don't trust the stock market. We don't trust money. Forgive us for our pride &amp; idolatry. Grant our nation Repentance. We trust in Jesus. In Jesus name Amen.",2020-04-04 01:07:14+00:00,406,757,0,0
437,"I watched yesterday as it rose 1400 points as Trump began to speak! And it continued to rise! When President Trump speaks, the stock market loves it!",2020-03-14 12:11:11+00:00,1020,4963,0,0
450,"After the press conference, President Trump and Americaâ€™s top CEOs lifted the stock market by nearly 2,000 points! USA business leaders have confidence in President Trump! A new poll shows that 77% of Americans do too! Rt if you Agree Please Follow @Orcusa1",2020-03-14 09:55:42+00:00,968,993,@Orcusa1,0
471,"Is it me, or when we do get just a snippet of good economic news, or a minor stock market rally, the voices of our own media seem to be disappointed ?......",2020-03-14 05:37:03+00:00,56,332,0,0
532,"Republican politicians selling stocks instead of saving lives, brings up the questions: 1. Was the delay in action really to enable them to sell stocks? 2. Did the stock market crash because all these politicians and their wealthy donors dumped their stock at the same time?",2020-03-20 02:55:03+00:00,1474,2609,0,0
540,"These assholes timed the whole charade this afternoonâ€”complete with name-dropping a bunch of Fortune 500 companiesâ€”to boost the stock market in the closing minutes without a care for public health or what might happen tomorrow, next week or next month.",2020-03-13 23:55:27+00:00,64,357,0,0
548,"If you're not willing to freeze major bill payments, shut the stock market and offer basic UBI so people can stay home for a few months so a million people don't die your system is trash and needs to be relegated to the dustbin of history.",2020-03-24 14:48:58+00:00,2075,8895,0,0
566,There werenâ€™t any steps for pandemic - it was just Donald Trump parading out CEOâ€™s to manipulate the Stock Market. #TrumpBotchedPandemicResponse,2020-03-13 22:04:15+00:00,9,39,0,#TrumpBotchedPandemicResponse
567,"President Trump brought some of Americaâ€™s top competing businesses together to help fight the coronavirus. And now, the Dow has surged 9%, lifting the stock market nearly 2,000 points. We will overcome this foreign threat, together.",2020-03-13 22:00:22+00:00,258,1630,0,0
593,"Great job by @realDonaldTrump and POTUS team handling COVD-19 testing, administration. His leadership brought together public/private sector to work for all Americans. Biggest single day increase in the history of stock market!! #MAGA",2020-03-13 20:56:51+00:00,25,47,@realDonaldTrump,#MAGA
700,A historic drop in the stock market exposes Canadaâ€™s economic fault lines ,2020-03-13 18:33:08+00:00,15,40,0,0
701,Letâ€™s get beyond sports... everybody check in with your parents and grandparents today. I could only imagine the amount of stress the older generations are feeling today due to the continuous volatility of the US Stock Market on top of fears of illness. God bless you all! ,2020-03-13 18:33:04+00:00,1,54,0,0
710,the stock market is just astrology for men,2020-03-13 18:01:22+00:00,16,60,0,0
716,Stock market is crashing but SaVon prices just went through the roof.,2020-03-13 17:48:12+00:00,5,39,0,0
720,"Again, don't let the stock market distract you. Whether it goes up 5,000 points today or down 5,000 points today, there are still very hard times ahead based on the economy contracting. It's very difficult to disconnect your feelings from the stock market's whims, but you have to",2020-03-13 17:35:20+00:00,3,50,0,0
732,"â€œBring back The Good Old Daysâ€, say the naive masses. â€œOkay,â€ says Karma. The 1918 Spanish Flu Pandemic and the 1929 Stock Market Crash - AT THE SAME TIME.",2020-03-13 16:53:48+00:00,13,88,0,0
757,"I'm noting the state of the stock market, not rooting for it to fall. Trump has incessantly taken credit for gains -- even when it's not deserved -- and the bill for that is due now. There's a reason previous presidents haven't tied their fortunes to the rises &amp; falls of the Dow. ",2020-03-18 17:37:09+00:00,534,2645,0,0
760,"The govt could actually purchase the entire UK private rental market for Â£1.3 trillion (2018 data). In all seriousness, buying up housing stock as the market crashes to then let out is probably the simplest way to help private renters (ie de facto convert them to social renters)",2020-05-09 10:55:32+00:00,534,2243,0,0
782,"""Stock market rout signals a defeat for Trump in November"" - ",2020-03-13 15:29:31+00:00,23,66,0,0
791,"every economics nerd right now is just an endless repeat of ""listen, plebes: the government is specifically structured in a way that makes it very easy to pump money into banks and stock markets, but basically illegal to do anything to help actual people"" and being smug about it",2020-03-13 15:09:28+00:00,675,2144,0,0
794,"With Corona virus global and local devastating effects, oil price practical collapse, Naira under strong observations in 'Intensive care unit' Nigeria stock market record loss; our president carry agbada wear go festival...smh",2020-03-13 15:05:11+00:00,36,89,0,0
875,"As far as the stock market is concerned, the worldâ€™s publicly quoted companies are worth no more now than they were more than 12 years ago on Halloween 2007 just before the big selloff of the GFC. @johnauthers https://www.bloomberg.com/opinion/articles/2020-03-13/history-suggests-stock-market-crash-has-further-to-run?srnd=opinion",2020-03-13 12:27:00+00:00,21,41,@johnauthers,0
877,"Trump was so behind, so interested in preserving stock market bragging rights over human lives, he was even a month behind with his blame Obama excuse. ",2020-03-13 12:13:28+00:00,52,207,0,0
894,'We need to care for working people as much as we care for the stock market': Alexandria Ocasio-Cortez and Bernie Sanders blasted the Fed's $1.5 trillion injection ,2020-03-13 11:36:11+00:00,12,60,0,0
896,"There are lots of normal, working people whose retirement accounts and pensions depend on the same stock market. ",2020-03-13 11:26:35+00:00,7,46,0,0
906,girl are u the stock market? because you are behaving erratically and you fucked my mateâ€™s dad,2020-04-15 12:00:21+00:00,3169,33277,0,0
910,#UnpreparedBJP as soon as @INCIndia started using this hashtag the stock market started gaining positively. respect congress !! even the hashtags don't like to stay with you. #StockMarketCrash2020 #CongressMuktBharat @ShefVaidya,2020-03-13 10:34:07+00:00,50,286,@INCIndia @ShefVaidya,#UnpreparedBJP #StockMarketCrash2020 #CongressMuktBharat
919,"Mass produced coronavirus test kits would cost about $100 dollars each. Even if they were $250, itâ€™d cost about $81billion to test everyone in the US, much, much, much less than the stock market stimulus yesterday.",2020-03-13 10:09:31+00:00,19,53,0,0
937,"Market fall today was scary! Market recovery was equally astounding! Our emotional states changed in matter of few hours! More that market movement, panic, feeling of relief &amp; sense of euphoria: These emotions related to stock market force us to make wrong decisions repeatedly",2020-03-13 09:01:50+00:00,11,45,0,0
958,"This is the most horrifying #WhiteHousePressConference in the history of the United States. Basically, Trump said: ""Screw it if millions of poor Americans die by going back to work as the virus peaks, as long as the stock market bounces back and I get re-elected, it's all good!""",2020-03-23 23:17:11+00:00,624,2039,0,#WhiteHousePressConference
964,"Just one stock market, that of #Botswana, has managed to realize a positive return since the outbreak of the #coronavirus. #Italy ranks last with a decline of 41.5%.",2020-03-13 07:04:10+00:00,29,51,0,#Botswana #coronavirus #Italy
966,"The #coronavirus is definitely pointing out what a pathetic liar Trump is, and always has been. It's also shining a light on his weasel ass kissers! The Stock Market has Trump's BS #! #8645ASAP2SAVEUSANOW pic.twitter.com/FzvkDRcCnF",2020-03-13 06:42:21+00:00,22,39,0,#coronavirus #8645ASAP2SAVEUSANOW
1020,This stock market blood bath will affect street economy real soon. We are looking at really hard times ahead. #sensexcrash,2020-03-13 04:26:16+00:00,26,56,0,#sensexcrash
1022,Another Stock Market Crash today. Market froze at 10% lower Circuit. Trading was suspended for 45 Minutes. Sensex down more than 3000 points and Nifty more than 960 points.,2020-03-13 04:16:28+00:00,3,155,0,0
1072,HOLY SH*T â€™60 Minutesâ€™ Exposes How Pelosi Makes BANK Using Sneaky Stock Market Manipulation (VIDEO) https://thedcpatriot.com/holy-sht-60-minutes-exposes-how-pelosi-makes-bank-using-sneaky-stock-market-manipulation-video/ via @realmattcouch,2020-05-26 05:50:01+00:00,680,821,@RealMattCouch,0
1092,"NEW: After assuring the public about the government's coronavirus preparedness, Senate Intel chair Richard Burr, in one day, sold off up to $1.6 million is stock. A week later, the market began its fall. His committee was receiving daily briefings. https://www.propublica.org/article/senator-dumped-up-to-1-6-million-of-stock-after-reassuring-public-about-coronavirus-preparedness",2020-03-19 21:05:06+00:00,61775,107706,0,0
1114,Fuck you and everyone who cares more about the stock market than the thousands of deaths this week.,2020-04-10 11:32:04+00:00,632,10518,0,0
1136,The only way the stock market can bounce back is if @realDonaldTrump resigns and leaves immediately. The only way weâ€™ll recover from the virus pandemic is to put scientists in the lead.,2020-03-13 00:34:21+00:00,18,46,@realDonaldTrump,0
1138,"Obvious then what needs to be done: stop testing altogether. This will erase the pandemic, the capricious god of stock market will be appeased, and our transition to greatness will be complete. Winning a la Trump. ",2020-05-14 20:48:17+00:00,344,1204,0,0
1152,Money is fake the stock market is fake government infusions are fake but your personal debt is real your bills are real your loans are real and if you disagree the police are real good luck everyone.,2020-03-13 00:04:56+00:00,545,2088,0,0
1168,"just spitballing here, but if theres 1.5 trillion bucks that our government has suddenly found to make sure that the stock market doesn't go tits up, it seems like we could probably all see a doctor for free if they cared about us at all, right?",2020-03-12 23:29:12+00:00,128,791,0,0
1242,"ask not what the stock market can do for you,",2020-03-24 03:04:28+00:00,766,3953,0,0
1283,Why invest in the stock market when you can invest in the toilet paper market ,2020-03-12 20:43:02+00:00,16,868,0,0
1288,"Paul Samuelson once asked his nephew, Larry Summers: â€œStock market just crashed, is that a good or a bad thing?â€ Young Summers mumbled â€œbad because it signaled bad newsâ€ or something, but Samuelson said â€œmaybe just cheaper and you may want to buy some.â€ @LHSummers",2020-03-12 20:40:05+00:00,12,88,@LHSummers,0
1324,"Whatâ€™s Trump planning to run on in 2020? No wall. Stock market lower than when he took office. No accomplishments. Oh wait - 100,000-200,000 Americans dying is very good he says. ",2020-04-09 03:21:03+00:00,444,1373,0,0
1343,Prediction--even the death of a family member from the coronavirus will not dent Trump's popularity among his brain-dead followers. Not even the loss of trillions of dollars of stock market wealth will dent the ultra-wealthy's loyalty to the GOP.,2020-03-12 19:37:47+00:00,52,242,0,0
1355,"Probably a good time to pay attention to what China is trying to do, given the state of a global stock market they helped crash. ",2020-04-12 14:27:34+00:00,158,342,0,0
1381,"Itâ€™s great that pensions were replaced with Stock Market Roulette Wheel retirement plans so that in a recession, when unemployment surges, older workers who ideally are retiring have to dig in for 5 more years because the olâ€™ 401k just dropped 30% in value.",2020-04-05 23:55:02+00:00,252,996,0,0
1446,"If someone can get to the presidentâ€™s ear, please relay: The stock market relies on the people, us, consuming stuff in exchange for $. We canâ€™t consume right now. If you take care of us the people, we will resume consuming and the stock market will rebound. Amazing stuff",2020-03-12 16:55:09+00:00,61,266,0,0
1453,"If you are cheering for a stock market crash and dead Americans from the ChiCom caused Wuhan Virus outbreak and cover-up, you are an enemy of the American people.",2020-03-12 16:46:15+00:00,31,63,0,0
1467,I really hope we have the Character as #MAGA YO STICK WITH @realDonaldTrump. We need to realize what's going on here. The trying to tank the president by taking the stock market and the economy to get rid of him. I really hope you all understand this,2020-03-12 16:25:29+00:00,63,100,@realDonaldTrump,#MAGA
1576,The Stock Market is going down on me faster than Hannity did last night! #MAGA #DowJones,2020-03-12 14:04:42+00:00,22,101,0,#MAGA #DowJones
1593,"Larry Kudlow: ""I have long believed that stock markets are the best barometer of the health, wealth and security of a nation."" (They aren't, but still.) ",2020-03-12 13:51:44+00:00,587,1834,0,0
1595,Iâ€™m no economist but it seems clear to me that the stock market is worried about Tom Hanks,2020-03-12 13:50:07+00:00,17,88,0,0
1619,HOLY SH*T â€™60 Minutesâ€™ Exposes How Pelosi Makes BANK Using Sneaky Stock Market Manipulation (VIDEO) https://thedcpatriot.com/holy-sht-60-minutes-exposes-how-pelosi-makes-bank-using-sneaky-stock-market-manipulation-video/ via @realmattcouch,2020-04-06 20:04:29+00:00,1002,1208,@RealMattCouch,0
1631,The stock market will crash and trip its circuit breakers again today and that's gonna be like the twentieth most noticed story of the day.,2020-03-12 13:18:35+00:00,35,217,0,0
1640,"Me: Man, 2020 boutta be the best year ever! *WW3 nearly breaks out, Kobe died, Coronavirus, NBA suspends season, global pandemic ensues, stock market crash* Me: ",2020-03-12 12:59:07+00:00,94,651,0,0
1647,"Republican Senator, @SenatorLoeffler, didn't just sell stocks before the market crashed, she bought stock in @citrix -- a company selling work-from-home technology. Just a big coincidene, right Senator Loeffler? #InsiderTrading #CorruptGOP #ResignNow",2020-03-20 01:56:35+00:00,231,398,@SenatorLoeffler @citrix,#InsiderTrading #CorruptGOP #ResignNow
1654,"The stock market is fake. It's an abstraction, gambling on how much value the rich can take from our work. It's crashing right now, despite the Fed pumping literally *unlimited* money into it, because everyone knows that the only good response is to take care of people's needs.",2020-03-23 23:20:24+00:00,1410,7311,0,0
1683,The entire speech summed: -not my fault -the virus is an immigrant -I donâ€™t believe the science -I donâ€™t care -I need the stock market to make me look good -deal with it,2020-03-12 10:54:58+00:00,17,106,0,0
1687,Yes the stock market will boom once we get past The China Coronavirus! This was an attempt to ruin our economy by China and I will go ahead and throw in the Democrats They were probably colluding with China! ,2020-03-17 17:44:48+00:00,1113,1922,0,0
1758,"Pretty sure that this is not the reason the stock market is doing well. See, if that were the reason the stock market is rebounding, the market would have soared when coronavirus originally started killing people. Stop eating the fish tank cleaner. ",2020-03-24 16:46:55+00:00,261,1924,0,0
1860,Hey...does anyone know if President #Biden will be giving a live address tonight on the #TrumpPlague and the fact that the #stockmarket sank today to levels below when #Trump took office? I hope so...we really need his leadership right now... @JoeBiden #coronavirus,2020-03-18 21:41:12+00:00,658,5371,@JoeBiden,#Biden #TrumpPlague #stockmarket #Trump #coronavirus
1903,"The stock market closed down another 1,464.94 points today. This administration doesn't have a clue how to deal with it. The good news is they are dealing with it a million times better than they are dealing with the pandemic. We are in big trouble. Things are going to get worse.",2020-03-11 21:05:57+00:00,18,38,0,0
1906,"The reality is, CEOs and billionaires all throughout the country were riding high on the stock market and tax cuts that they normalized all of Trumpâ€™s dangerous behavior and now there is an actual pandemic and heâ€™s at the wheel. We shouldnâ€™t downplay their role in all this.",2020-03-11 21:05:05+00:00,25,101,0,0
1913,"Trump now owns ALL 13 of the biggest/worst one day stock market point drops in history. Also 15 of the 20 biggest, and 18 of the 25 biggest point drops in history. He is the only president with any 1000 point drop days and he has FIVE of them. Plus one 2000 point drop day.",2020-03-11 20:36:06+00:00,42,112,0,0
1919,Would put money on Trump's main objective tonight being talking the stock market back out of bear territory. Willing also to put money on it panicking the markets even more.,2020-03-11 20:25:41+00:00,26,105,0,0
1965,Italy: weâ€™re suspending mortgage payments during the pandemic America: who will save the stock market!!!!!!???!!!,2020-03-11 18:24:18+00:00,99,267,0,0
1983,Yesterday's stock market gains.... GONE,2020-03-11 17:15:17+00:00,19,196,0,0
2039,"When Trump said it was going to go from 15 to Zero, was he talking about the Stock Market? I forget.",2020-03-11 13:32:30+00:00,10,59,0,0
2054,"Americans know better. All we see is Trump trying to address this â€œstock market crisisâ€ with tax cuts. We had two months to prepare for this pandemic; other countries stocked up on test kits, weâ€™re still scrambling.",2020-03-11 11:30:39+00:00,6,31,0,0
2065,Other people mobile gallery : selfie & other photos. Trader mobile gallery : full of charts & stock market screenshot.,2020-03-11 10:03:42+00:00,9,224,0,0
2144,Finance Gays Pre-Stock Market Crash: OnlyFans Gays should get a real job and actually start working for their money Finance Gays Post-Stock Market Crash: Donâ€™t forget to subscribe to my OnlyFans! Use code NASDAQ for 10% off ,2020-03-10 22:49:14+00:00,7,63,0,0
2194,Liberal Logic: On the dreadful Obama economy - â€œBush did it.â€ On the Trump economy - â€œObama did it.â€ 2 months into a global Pandemic with a stock market dive - â€œTrump definitely did it.â€ #Tools,2020-03-17 00:32:51+00:00,2012,7519,0,#Tools
2269,Watching those White House coronavirus updates a clear trend has emerged. The stock market holds up or like today rockets higher only to stumble amid the gotcha nonsensical questions that follows the actual update. Just another test for the equity markets.,2020-03-17 17:52:54+00:00,833,3338,0,0
2341,#Bitcoin is correlated to the stock market partially. Facts. ,2020-03-10 07:05:04+00:00,12,93,0,#Bitcoin #Bitcoin
2351,The vietnamese stock market is still young and its coming down to a really good buy area around or below 700. My goal is to take some profits in next crypto bull mkt &amp; move it to vietnamese stock market while its still young &amp; capitalize on growth in that market after crypto. ,2020-03-10 06:25:56+00:00,6,73,0,0
2352,Stock futures rise as Trump signals 'economic policies' ahead to stop financial market mayhem https://fxn.ws/2vHkqI9 #FoxBusiness,2020-03-10 05:39:05+00:00,237,872,0,#FoxBusiness
2353,"March 9 has been an important day in US history *3/9/1776 Adam Smith publishes ""The Wealth of Nations"" *3/9/1959 Barbie Doll debut *3/9/2009 US stock market bottom during the Global Financial Crisis *3/9/2020 US stock market has its largest point drop in history",2020-03-10 05:37:39+00:00,16,64,0,0
2391,"Today coronavirus was blamed for stock market drop. The poor thing doesnâ€™t even know what shares are &amp; what itâ€™s got to do with globalist elites taking profit off the table &amp; destabilising the economy to make sure Trump doesnâ€™t get credit for jobs, jobs, jobs b4 Nov election.",2020-03-10 03:14:53+00:00,46,144,0,0
2432,Heâ€™s shredded relations W/ all our allies. All this has lead 2 where we are now A stock market that nosedives &amp; a virus where people dies. &amp; he just shrugs his shoulders &amp; has another berder &amp; fries Jaysus Thereâ€™s never an end 2 his lies MAGA! Câ€™mon! Get wise! ,2020-03-10 01:00:50+00:00,33,47,0,0
2484,"Today's coronavirus crash in the stock market exposed the frailty of global capitalism. With governments tapped out on quantitative easing, only significant public investment on the scale of a Green New Deal can prevent a slump. ",2020-03-09 23:10:00+00:00,35,89,0,0
2510,Best week for the stock market since 2008. Worst month for the stock market since 1938. Confused? Don't be. Both years were horrible recessions.,2020-03-27 13:43:45+00:00,421,1680,0,0
2571,My advice for the stock market crash? Start investing heavily in films where darling little curly headed girls tap dance with the help.,2020-03-09 20:55:01+00:00,9,77,0,0
2590,Today's #TrumpCrash is the 11th worst percentage loss day in the HISTORY of the American stock markets. Last year Donald Trump disbanded the Global Health Security unit President Obama created which could have fought the #COVID2019 virus earlier and more efficiently.,2020-03-09 20:29:48+00:00,494,903,0,#TrumpCrash #COVID2019
2600,"""What incentive will people have to work under socialism??"" I say as I sit back doing nothing while my stock market bots ruin millions of lives. #marketcrash #TrumpCrash",2020-03-09 20:17:38+00:00,25,127,0,#marketcrash #TrumpCrash
2657,Not just the stock market that's dropping. Stubhub is selling orchestra seats for tonight's performance of Hamilton on Broadway for $250. ,2020-03-09 19:02:17+00:00,17,98,0,0
2666,"All the companies are still there. All their tools and inventory is still there. The Fed is dumping UNLIMITED money into fiscal stimulus. The stock market is still crashing. Why? Because there's no LABOR. Rich people don't create value, we do. Why do they get to control it?",2020-03-23 23:34:16+00:00,2752,9506,0,0
2687,The stock market roaring to its best week since 1932 on the same day a record 3.28 million unemployments claims are announced is a perfect distillation of who this economy works for and who it doesn't.,2020-03-26 20:09:05+00:00,638,1984,0,0
2724,A live look at the chaos in the stock market and the White House administration today #circuitbreaker #trumpcrash,2020-03-09 17:29:23+00:00,675,2401,0,#circuitbreaker #trumpcrash
2738,The stock market is as optimistic as it was in Sept. 2019. It no longer reflects the real economy but is a simple outgrowth of monetary policy.,2020-05-10 00:21:32+00:00,186,709,0,0
2743,A hearty welcome to all the new stock market experts on Twitter!,2020-03-09 17:05:57+00:00,104,1229,0,0
2785,Trading on the coronavirus crisis while playing it down publicly ... Presidential press briefings that seem timed to try and boost the stock market ... A Senate Republican plan that includes a fresh round of corporate tax cuts and limits on paid leave. ,2020-03-20 01:03:53+00:00,604,1238,0,0
2789,Next time Trump touts the stock market keep in mind that the market is up 1000 points in last 2 days despite the highest unemployment since the Great Depression. The stock market is a toy for the wealthy - it means nothing in showing how working class Americans are doing.,2020-05-27 19:54:02+00:00,233,593,0,0
2800,"JUST IN: Stock-markets in France, Italy, Spain and Germany all down by over 10%",2020-03-16 12:36:46+00:00,974,2639,0,0
2803,"This is also the ""super genius"" who told people that it would a great time to invest in the stock market on March 3 ",2020-05-17 14:22:20+00:00,839,4165,0,0
2825,"Trump administration is falling like a house of cards. The stock market is plunging, North Korea is ratcheting up nuclear testing, Taliban is not honouring the peace plan, Coronavirus is spreading rapidly.",2020-03-09 15:32:35+00:00,27,61,0,0
2828,"The stock market crashed this morning because of Trumpâ€™s incompetent response to the coronavirus. He spent the weekend playing golf and throwing a party for Don Jr's girlfriend while his wife built a ""tennis pavilion"" at the White House. ",2020-03-09 15:29:45+00:00,319,814,0,0
2842,"Trump doesn't want us to know how many people are infected with coronavirus. He is worried that if we knew, the stock market might crash",2020-03-09 15:19:08+00:00,196,576,0,0
2860,Trading in Pakistanâ€™s stock market is halted for 45 minutes as panic grips markets ,2020-03-09 15:07:08+00:00,84,125,0,0
2879,What job? What has he done? Whatâ€™s the protocol in place for the AMERICAN public? Where are the tests? A vaccine is a year away. You defunded the CDC. And the stock market plummeted this am. We are in a worst case scenario of your Presidency. ...and we have you and Mike.,2020-03-09 14:54:10+00:00,22,322,0,0
2904,"So Trump fucks up the coronavirus response, it completely wipes out the stock market and thousands of extra people are going to die because of his incompetence and selfishness, and overnight he becomes more popular.",2020-03-20 20:10:46+00:00,145,886,0,0
2909,"This makes my brain explode. If you didn't do testing, you wouldn't know how many cases you have. THE CASES WOULD STILL BE THERE. It's all numbers to him. Ratings. Low COVID numbers. Stock market numbers. All numbers. ",2020-05-15 16:28:03+00:00,159,669,0,0
2919,How it feels to read news about the stock market as a person who does not own stocks and does not understand any of this ,2020-03-09 14:28:55+00:00,18,198,0,0
2959,History is repeating itself 1920s - Pandemic (influenza) - Stock market crash 2020s - Pandemic (#COVID19) - Stock market crash Only this time we canâ€™t make the same mistakes of the past. We canâ€™t wait until the 30s for a New Deal. We need a #GreenNewDeal &amp; #PeoplesBailout now,2020-03-23 22:17:52+00:00,1159,3899,0,#COVID19 #GreenNewDeal #PeoplesBailout
2962,"Stock market trading reopens with the market bouncing 500 points off its lows to *only* down 1,600 points. We have 6 1/2 hours to see if this is just a dead cat bounce.",2020-03-09 14:05:26+00:00,60,370,0,0
2997,"Takes a real optimist to brag about the stock market as 16 million people file for unemployment and the US death toll tops 16,000. ",2020-04-10 13:18:53+00:00,229,649,0,0
3003,A new study finds GOP Sen. Richard Burr's sale of up to $1.7 million in stock shortly before the stock market crashed due to the coronavirus was an anomaly that didn't match his normal stock trading history. ,2020-04-16 22:55:02+00:00,126,260,0,0
3046,"Trump Bragging About The Rising Stock Market During His Presser As Almost 40,000 Americans Lay Dead Is Beyond Horrible ",2020-04-18 23:20:12+00:00,109,244,0,0
3122,After we get over this... we need to have a long deep think about how the world works.... Hedge fund tycoon Crispin Odey makes Â£115million from this month-s coronavirus stock market crash - https://internewscast.com/hedge-fund-tycoon-crispin-odey-makes-115million-from-this-months-coronavirus-stock-market-crash/,2020-03-25 06:59:06+00:00,717,736,0,0
3176,"Tomorrow looks to be a very bad day in the stock market. Futures are down close to 5%. Gold is at 1700. Treasures rates are down about 30% overnight. Gird your loins, folks.",2020-03-09 03:15:31+00:00,96,173,0,0
3199,"The WH is easing social-distancing guidelines as early as next week as advisers & business leaders push Trump to boost the economy. That's trading the lives, hundreds of thousands if not millions, of our most vulnerable for stock market points. ",2020-03-23 21:27:53+00:00,197,270,0,0
3208,The stock market for YG keep rising up after release Lisaâ€™s news,2020-05-13 04:39:23+00:00,104,435,0,0
3220,"If you went back in time and told economists 10 years ago, that in 2020, we would announce 3.3 million jobless, up from the previous high of 700,000. On that same day, the stock market would rise almost 5%, what do you think they'd say happened?",2020-03-26 18:39:37+00:00,138,1357,0,0
3231,Some facts: 1) POTUS is not the only one in the stock market. Over half of Americans own stock in one form or another. 2) Many hotels are temporarily closed - not just Trump Hotels. 3) Shocker: everything is not about Trump trying to make a buck. He speaks for millions of us.,2020-03-24 20:25:26+00:00,304,544,0,0
3268,"Bailout for the rich? In the US there is record optimism among consumers on the stock market. The richer people are, the more of them expect shares to be higher in a year than they are today. (Chart via DB) ",2020-04-19 09:08:00+00:00,107,312,0,0
3284,Stop crying about Th Corporate Government if you trying to FIT IN ROME system which is outside of Nature. Ye either choose G-D Given Rights for Sentient Beings of Nature which is Natural Laws or Ye turned against G-D for State Privileges and security on Stock Market.,2020-03-08 04:33:56+00:00,23,31,0,0
3337,Your president does not care about the lives on that ship. He only cares about keeping the numbers of infected Americans low to keep the stock market from tanking. He KNOWS a solid stock market is the ONLY thing keeping him in office. ,2020-03-07 14:08:21+00:00,50,170,0,0
3387,"Yâ€™all were lawyers 2 weeks ago due to Megan Thee Stallion, stockbrokers last week b/c of the stock market plunge, &amp; now financial advisors this week. Iâ€™m tired. ",2020-03-17 14:21:58+00:00,79,137,0,0
3403,"Stock market tanking, economy stalling, Wall of no avail against COVID19 - the more Trump awards himself rave reviews, the more Hooverish he sounds (no offence to Hoover whose boots the ludicrous Trump not fit to lick)",2020-03-06 22:15:57+00:00,13,100,0,0
3410,Just checked the stock market for the first time this week The S&amp;P 500 finished up 0.6% on the week Anything happen? ,2020-03-06 21:04:49+00:00,68,553,0,0
3451,"Wait a second, the stock market is soaring when there are 16 million new unemployment claims?",2020-04-11 14:22:06+00:00,119,870,0,0
3503,Venezuelaâ€™s stock market surged as their economy and currency was being destroyed: ,2020-03-26 12:57:50+00:00,68,205,0,0
3584,"When Trump says â€œeconomyâ€, its possible he means â€œstock market.â€",2020-03-24 13:51:59+00:00,130,1190,0,0
3647,Thanks @Sierra_AMV who revealed .@realDonaldTrump @VP @WHO Democrat who brings up viable questions China contains virus What did they do? No outbreak in Russia China Economy Soars Media instills Fear Stock market will rebound http://youtu.be/Zmlw_xVggu0,2020-03-18 14:48:47+00:00,247,213,@Sierra_AMV @realDonaldTrump @VP @WHO,0
3758,More than 17 million Americans lost their job in the last three weeks. But please do go on about the stock market. ,2020-04-10 14:34:17+00:00,167,459,0,0
3762,Dow finishes with the strongest one month performance in 33 years 30M jobs lost in last 6 weeks is US History's worst economic collapse Repeat After Me: The Stock Market is NOT the economy. Its success is a sign of multi-millionaire &amp; billionaire wealthâ€”not middle class growth,2020-04-30 20:18:09+00:00,989,2729,0,0
3777,.@realDonaldTrump Biden is moving the Stock Market up because Americans are so excited that we have a good chance of saving America now from 3 years of Trump's vindictive corruption! #DumpTrump2020,2020-03-04 15:31:03+00:00,15,36,@realDonaldTrump,#DumpTrump2020
3789,"It doesnâ€™t matter what the stock market does if people canâ€™t afford to eat, put a roof over their head, or get medical care.",2020-04-10 22:15:34+00:00,222,812,0,0
3829,Ex-House counsel demolishes #GOP lie that Trump was distracted from COVID response by impeachment The trial ended weeks before the president did anything meaningful -He PLAYED GOLF EVERY WEEKEND -GOPâ€™ers PLAYED THE STOCK MARKET #MOG,2020-03-30 20:59:57+00:00,140,152,0,#GOP #MOG
3835,"Dems, You've been happy about- Covid-19 pandemic US stock market crashing possible recession These harm Americans, some of us badly, yet u want them - while u claim you're not the enemy of Americans. How far gone are u guys? Are u even aware you're lying when u claim that?",2020-03-17 13:21:33+00:00,139,273,0,0
3872,"The US response to the coronavirus so far is scandalously negligent. The administration is focused on the stock market, not public health. That's a recipe for disaster.",2020-03-03 23:01:50+00:00,16,97,0,0
3873,"To help explain the value of #CDC to the stock market-obsessed Trump administration, in Nov 2018 colleagues and I wrote this article about the links between global health security &amp; the US economy, including effects on jobs, tourism, travel, and education. ",2020-03-30 13:43:43+00:00,49,101,0,#CDC
3901," You choose: A. The stock market rises 2,000 points so @realDonaldTrump can get elected, or B. You lose 1 member of your immediate family. Choose now ",2020-03-23 18:41:15+00:00,143,194,@realDonaldTrump,0
3938,"Trump said his tax cuts would ""skyrocket"" the economy to 5%, even 6% growth. Last week he said, ""The Coronavirus is very much under control in the USA... Stock Market starting to look very good to me!"" Today, an emergency rate cut can't stop the plunge. ",2020-03-03 17:50:55+00:00,34,46,0,0
3940,Trump has staked his presidency on the stock market. So here's what's happened to his presidency. ,2020-03-16 21:17:01+00:00,945,2970,0,0
3942,I miss the Obama stock market.,2020-03-03 17:22:38+00:00,6,101,0,0
3953,Trump's government is manipulating the stock market which is illegal af,2020-03-03 16:33:20+00:00,10,24,0,0
3984,"â€˜150,000 Americans sacrificed for the stock marketâ€™: Jared Kushner reportedly advised less COIVD-19 testing to calm Wall Street https://www.rawstory.com/2020/05/150000-americans-sacrificed-for-the-stock-market-jared-kushner-reportedly-advised-less-coivd-19-testing-to-calm-wall-street/?utm_source=dlvr.it&amp;utm_medium=twitter",2020-05-15 01:16:04+00:00,76,58,0,0
4005,The stock market is booming! Billionaires become trillionaires No need to go back to work. #StayAtHome #CompostTheRich,2020-05-13 20:52:31+00:00,54,142,0,#StayAtHome #StayAtHome #CompostTheRich
4037,The stock market even with the bailout package is now reversing and is down 550 points from todayâ€™s high. We need to contain the Virus. Money wonâ€™t fix it.,2020-03-25 13:54:04+00:00,154,575,0,0
4059,I love how Bernie is suddenly worried about the stock market.,2020-03-03 01:26:54+00:00,2,98,0,0
4065,Trump had two months To initiate test kits and then the world health organization offered kits and they declined. All he is worried about is the stock market.He is responsible! #COVID19 #COVIDãƒ¼19 #TrumpVirus #TrumpVirusCoverup,2020-03-02 23:48:13+00:00,160,344,0,#COVID19 #COVID #TrumpVirus #TrumpVirusCoverup
4071,"This just completed the trifecta for today: Stock Market highest one-day rise in history, President Trump Rally in NC, and Netanyahu is back in POWER!",2020-03-02 23:15:35+00:00,14,31,0,0
4107,"""The stock market is not the economy.""",2020-04-14 19:46:59+00:00,57,620,0,0
4109,"There are naughty charts circulating using deceptive scaling to compare the current stock market to that of 1929. These are known as analogs. Here is a proper comparison, the Dow Industrials, peaks aligned and indexed to 100 one year prior. $DJIA",2020-05-05 21:09:36+00:00,115,444,0,0
4112,"It's repugnant that Republican senators used their advance warning from Trump about coronavirus to make a killing on the stock marketâ€”but it's not surprising. This is how *all* great fortunes are amassed under capitalism: through ruthless, calculating, deceitful self-interest. https://twitter.com/davitydave/status/1240845083324190722",2020-03-20 05:30:19+00:00,77,149,0,0
4171,"So we went from: ""The virus is no biggie."" to: ""We've ALWAYS said this was a big deal & we've taken it very seriously."" to: ""We fought it for a week and it wasn't flattening the downward trajectory of the stock market so brush your teeth with silver and get back out there!""",2020-03-23 23:30:06+00:00,426,1549,0,0
4199,Trump says that the stock market thinks heâ€™s done well against the virus ,2020-04-19 17:31:06+00:00,83,266,0,0
4232,Devastating unemployment report and the stock market is.... going up? (cartoon by @Patbagley),2020-05-08 13:34:04+00:00,178,271,@Patbagley,0
4315,"Facts: The Stock Market crashed in 1929 However, government meddling provoked and prolonged the Great Depression Hoover increased spending and raised taxes on the rich He tried to engineer economic recovery, but didn't let the market heal itself Let the free market be free!",2020-05-18 13:32:00+00:00,108,371,0,0
4328,Invoke the Defense Production Act before more Americans die because you didnâ€™t want the stock market to drop. ,2020-03-27 15:26:49+00:00,66,237,0,0
4337,"The Bailout Is Working â€” FOR THE RICH 20.5 million people lost their jobs in April. It marked a period of UNFATHOMABLE PAIN across the country not seen since the Great Depression... Food lines Also on Friday, the stock market rallied #GOPTaxScam #MOG",2020-05-10 14:27:44+00:00,31,31,0,#GOPTaxScam #MOG
4340,"Stock market drop has nothing to do with the global shut down of businesses, schools, etc to contain the virus as much as possible. It's President Trump's fault, he says! ",2020-03-17 00:00:47+00:00,61,388,0,0
4414,"OK. Iâ€™ve had enough of these reporters. If you are going to ask a question, make it count. â€œMr. President, if forced to choose between the stock market falling and people dying, which do you choose? â€œ And then each reporter repeats the same question until he answers. #COVIDIDIOT",2020-03-27 02:58:33+00:00,29,124,0,#COVIDIDIOT
4426,"Trump just claimed that the stock market will come back fast, and that a lot of people on Wall Street agree with him, even though theyâ€™re people he thinks really arenâ€™t experts at how the markets act. ",2020-03-20 17:06:00+00:00,23,58,0,0
4435,The stock market is not the economy. The stock market is not the economy. The stock market is not the economy. The stock market is not the economy. The stock market is not the economy. The stock market is not the economy. The stock market is not the economy.,2020-03-24 01:28:03+00:00,30,105,0,0
4441,How did a cheeky schoolboy came to crash the US stock market from his bedroom in Hounslow? We review Flash Crash by Liam Vaughan ,2020-05-07 23:30:09+00:00,21,36,0,0
4470,"It only took a: Worldwide Pandemic, 35% plunge in the Stock Market, 6 feet of Social Distancing, 3 weeks of Quarantine, and Thousands of Small Businesses Closing to bring the American Economy back to the Obama High Mark. ",2020-04-11 19:00:32+00:00,23,30,0,0
4481,The wealthy I want all us peons to go back to work because their stock market is bottoming out. But my stock in the guillotine market just keeps rising.,2020-03-28 04:06:18+00:00,6,20,0,0
4491,"Stock market live updates: After a 15-minute halt, stocks are trading again. Follow along here: https://cnb.cx/3defdIO",2020-03-18 17:20:01+00:00,16,36,0,0
4503,"trump supporters wrongly think we are happy there is a falling stock market and a fool for a president out of his depth in managing the crisis. We are not. On our side we actually care about people, their lives and their families. trump will go away but now we wish he were better",2020-03-19 14:58:01+00:00,32,115,0,0
4515,"We have launched live classes of stock market in India few days ago. Faced multiple issues in first few classes, then some of our students told us about @zoom_us and it has made our journey far smoother. Amazing experience. Thanks a ton @ericsyuan",2020-03-27 13:14:12+00:00,5,23,@zoom_us @ericsyuan,0
4546,"The fed is dumping a trillion dollars a DAY into the black hole that is the stock market but it's ""unrealistic"" to bail out the millions regular people who are under/unemployed during this crisis? ""realistic policies"" just mean policies that are good for rich people",2020-03-21 15:20:46+00:00,2,72,0,0
4588,Unless it dips the stock market... ,2020-03-24 15:26:04+00:00,10,98,0,0
4634,"The Coronavirus Crisis: It Took a Global Pandemic to Expose the Stock Market as a ""Mirage"" Despite Trump making it central to his presidency, the success of the stock market bears no connection to the lives of 90% of American citizens, says @cjwerleman https://bylinetimes.com/2020/04/28/the-coronavirus-crisis-it-took-a-global-pandemic-to-expose-the-stock-market-as-a-mirage/",2020-04-28 11:48:02+00:00,23,57,@cjwerleman,0
4673,Trading platform Zerodha crashes as stock market gains in early trade after PM Modiâ€™s Rs 20 lakh crore stimulus package announcement ,2020-05-13 19:30:01+00:00,30,139,0,0
4725,Why the stock marketâ€™s â€˜very strangeâ€™ reaction to the latest news may be as â€˜insaneâ€™ as it looks ,2020-04-11 12:17:02+00:00,12,15,0,0
4749,Itâ€™s a desperate plea to the stock market,2020-03-23 05:14:41+00:00,3,139,0,0
4751,"to put this in context, the Goldman Sach projection of 2.5m new jobless claims this week, which helped form the backdrop of the biggest US stock market crash since 1929, was 32% too optimistic ",2020-03-26 13:20:15+00:00,5,78,0,0
4791,"more than 16,000 americans have died. 16 million have filed for jobless claims. hospital workers going without PPE. meanwhile the federal reserve is pouring unlimited money into the financial system, and the stock market just had its best week since 1974 ",2020-04-10 15:42:57+00:00,12,33,0,0
4843,"I really want to believe this. How many remember The day of Infamy? Family stories of the stock market crash, of 1929? Or the Depression, WWII? how about Polio, two in my family had that. Vietnam ? Over 50K Americans DEAD. AIDS? 32 MILLION DEAD. 9/11 3000 DEAD Will you Remember?",2020-03-16 00:03:56+00:00,0,4,0,0
4855,NEW: Bridgewaterâ€™s giant options bet helps limit losses Trade that would pay out if the stock market declined before late March has made billions for the firm â¦@WSJmarketsâ©,2020-04-09 23:46:53+00:00,12,16,@WSJmarkets,0
4867,"Meanwhile in America, businesses are failing, people are losing their jobs or not being hired, and nobody can find an actual test for the virus. But hey, at least the stock market got infused with $1,500,000,000,000 right? I mean, thank god the stocks will be safe while we die. ",2020-03-17 01:18:26+00:00,27,130,0,0
4906,"trump, you said Mexico will pay for the wall, said the stock market will be great, said you were going to lower the debt, said russia did not help you win, said you are not corrupt, well it looks like you don't know what you are talking about or you might just be a big fat liar!!",2020-03-16 00:02:36+00:00,0,1,0,0
4926,"â€œIf we can put $2.3T into the stock market, we can protect the wages of every American.â€ - @BernieSanders",2020-03-16 00:07:49+00:00,20,50,@BernieSanders,0
4932,Locusts swarming in apocalyptic levels a worldwide pandemic society collapsing as a whole governments covering every little thing they do to stop the virus stock market bit the dust We're just gonna have a hell of a 2020 ,2020-03-17 00:36:13+00:00,32,100,0,0
4940,"My stock market observation: Every time that Trump takes the mike, the market plummets. Every goddamn time. So Republicans, you know how you can really profit off the stock market? Impeach this motherfking apprentice of a president.",2020-03-20 16:39:43+00:00,3,9,0,0
4943,Full agree. Stock market risk-return theory were built on simulation modeling of sumo wrestling results paving way for 2008 crisis. Functional economists are sane &amp; sensible. Academic economists are -------------. Fill in the blanks question!,2020-03-26 02:48:12+00:00,6,14,0,0
4954,"""Wall Street feared Bernie"": Stock market surges 700 points after Sanders suspends campaign ",2020-04-09 10:05:33+00:00,17,22,0,0
4986,"Why I focus on US stocks: 1) USA bring out the most public traded, innovative, entrepreneurial companies! 2) Very liquid stock market. 3) Cheap fees to buy and sell. 4) Acceptable volatility in currency. 5) Highly available information about the companies and stocks.",2020-04-18 22:05:03+00:00,18,157,0,0
5021,"Now look at you. Stock market is crashing. Every sport season is cancelled. Schools and Uniâ€™s are closing. Weâ€™re probably gonna end up in a recession. AND the shops have no food, and more people are dying &amp; getting infected everyday. Where is â€œItâ€™s fake newsâ€ twitter now ?",2020-03-16 17:27:37+00:00,27,55,0,0
5046,"The fact that dem govrnors are talking abt a timeline for ""opening"" the ""economy"" w/o widespread free testing, treatment, & contact tracing should tell you the only difference in Rs & Ds is that Ds will take a slightly longer breath before deciding to kill us for the stock market",2020-04-17 13:52:33+00:00,18,71,0,0
5134," Listen to Don the Con tell someone they need to do more. The same President that called the Coronavirus a Democratic hoax? The same President that has failed the people on so many levels? Trump, how the stock market?",2020-03-16 17:43:10+00:00,16,166,0,0
5138,"As promised, the AMA window is active on my Instagram page. You can ask me anything related to blogging, stock market, numerology, technology, and economics... Will try my best to address them. Head over to https://instgram.com/sudiipsaha9 and check out my latest story.",2020-04-10 06:33:53+00:00,20,19,0,0
5143,"Remdesivir has boosted hopes and sent Gileadâ€™s stock price (and according to some analysts, the entire stock market) soaring, but the drug doesnâ€™t seem to do much for coronavirus patients. ",2020-05-26 22:30:59+00:00,30,57,0,0
5171,This is @EricTrump from just two weeks ago. So confident in his stock market pick he has deleted it down 25 percent. On @Stocktwits we don't let people delete financial tweets. Not good for growth but good for soul.,2020-03-16 13:28:23+00:00,27,170,@EricTrump @Stocktwits,0
5202,"FACTS: 1929 Stock Market Crash. Communists organized unemployment councils, bonus march, and Mass Strikes in 1934. Roosevelt entered an alliance with the workers movement, created social security, built infrastructure, electrified the country, set stage for post war boom. ",2020-05-23 05:27:46+00:00,29,73,0,0
5223,January 22: Trump: â€œWe have it totally under control. Itâ€™s one person coming in from China. Itâ€™s going to be just fine.â€ February 24: Trump: â€œThe Coronavirus is very much under control in the USA. . . . Stock Market starting to look very good to me.â€,2020-03-16 03:10:34+00:00,15,89,0,0
5281,Hopefully some of these donors can recoup their stock market losses by selling the stupidest presidential artificat in memory on eBay in a few years. ,2020-03-16 12:44:11+00:00,16,116,0,0
5296,$UBER is up 40% today after conference call where the CEO said they have enough cash to last out social distancing. Key problem with stock market is not knowing which companies will be able to survive until this is over without a bailout &amp; if they'll get one. Most big tech don't. ,2020-03-19 15:57:44+00:00,3,32,0,0
5297,Now he's scheduling a redo of the vote for 15 minutes after markets open so he can try to pin the cratering stock market on Dems unless they let him steal the nation's wealth for his parasitic masters. Pathetic and evil shit ,2020-03-23 06:37:23+00:00,4,43,0,0
5326,Coming on the air following 3 BIG STORIES: 1-Senate set to vote today on a massive stimulus package. 2-Stock market likely to be affected by that vote. Overnight futures trading dropped. 3-Governor Hogan set to address the state at 11AM. Stay with @FOXBaltimore for LIVE COVERAGE,2020-03-23 09:12:34+00:00,5,21,@FOXBaltimore,0
5390,If anyone needs further proof on how fucked up our situation is look carefully at this screenshot from today's NYT: millions are unemployed yet stock-market is up. pic.twitter.com/jpXIMbRLHV,2020-04-02 21:16:50+00:00,17,39,0,0
5425,"Yeah, that bull move of attempting to hold up the stock market just caused futures to drop. We need a real leader, not an apprentice! He also was warned about #COVIDãƒ¼19 and did ABSOLUTLEY NOTHING! https://www.washingtonpost.com/politics/2020/03/12/trump-coronavirus-timeline/D",2020-03-16 00:24:04+00:00,2,17,0,#COVID
5443,Trump was crushed and expressed a tremendous amount of sorrow... when the Stock Market got sick ,2020-04-04 01:15:06+00:00,20,163,0,0
5446,The stock market in the United States jumped higher Wednesday after Democratic Presidential candidate @BernieSanders suspended his presidential campaign.,2020-04-09 03:00:00+00:00,27,52,@BernieSanders,0
5472,"During the stock market crash of 1929 do you have any idea how many rich people were convinced that wealth alone would allow them to weather any storm, found out that was false and jumped out of a window?",2020-04-02 17:57:35+00:00,32,81,0,0
5481,We must strictly means test every penny that goes to a real person but here's a vat to pour straight into the stock market,2020-03-18 07:50:06+00:00,8,104,0,0
5483,"Blaming Trump for the economy and stock market drop is a telltale sign this is political; they would never blame a Democrat for these things in the same situation. If a Dem was in the White House, they would be underplaying it and praising the job of the administration.",2020-03-21 22:39:41+00:00,10,19,0,0
5493,"6.6 million jobless claims today For Perspective Jobless claims in a week: 1982 Stock market crashâ€”695k 2008 Recessionâ€”665k More unemployment claims in ONE day then during the worst week in the Great Recession This cannot continue, weâ€™re voluntarily heading to disaster",2020-04-02 21:09:45+00:00,20,17,0,0
5525,"Ha ""watch out bulls"" on April 10 Trump: This week, in only 4 days, we had the biggest Stock Market increase since 1974. We have a great chance for the really big bounce when the Invisible Enemy is gone Me: The greatest top caller in history on this planet by far Who is right? ",2020-04-15 22:30:52+00:00,2,23,0,0
5530,I wonder if the boss and his underlings fully understand that the virus is a biological/physical problem and that the stock market and the economy are its prisoner. This is not your fatherâ€™s Oldsmobile.,2020-03-23 14:30:13+00:00,7,34,0,0
5540,"THE STOCK MARKET AN INVESTORS CAN NOT BE STRUNG ALONG MUCH LONGER.... MAY 1st.... IS THE RIGHT TIME TO TURN THE ECONOMIC SWITCH-ON, NO MATTER WHAT.... THE DECISION, MUST BE MADE BEFORE THE WEEKS END.... ENOUGH, WITH PLAYING WITH THE DOCTORS, THEY WILL TEST US INTO BANKRUPTCY....",2020-04-27 20:40:27+00:00,17,21,0,0
5581,"So now we judge accomplishments and results by TONE? You realize that the only thing that mattered to him was what happened to the stock market? I guess if his TONE was better on all his lies, that makes it all right? ",2020-03-17 18:06:12+00:00,8,54,0,0
5617,There was a little Stock Market Manipulation. ,2020-04-21 22:48:00+00:00,19,102,0,0
5655,#Bitcoin &amp; #Cardano will start going up fast b4 stock market bottoms. Why? The emperor's no clothes monetary policy will be exposed b4 it can stop the bleeding. The masses will start looking for alternatives. Crypto bottoms 3-6 months b4 stocks. $ADA goes up faster than $BTC.,2020-03-22 21:02:18+00:00,7,42,0,#Bitcoin #Bitcoin #Cardano
5673,"Good morning to everyone except Covid-19, the stock market, and my oldest son who is being a real jerk right now. #coronavirus #WFH #homeschoolhell",2020-04-03 13:37:29+00:00,0,49,0,#coronavirus #WFH #homeschoolhell
5677,the White House press conference ends and the stock market starts to fall. See a pattern here? trump please STFU. #TrumpIsAnIdiot,2020-03-20 18:18:35+00:00,4,15,0,#TrumpIsAnIdiot
5714,"16 million jobs lost, in three weeks. Oh well, at least Trump is #1 in Facebook and the Stock Market is going up. Now I understand why the Stock Market is not the Economy. #joblessclaims #JobsReport #TrumpOwnsEveryDeath #COVID19Pandemic #COVID #coronavirus #TrumpBurialPits",2020-04-10 11:42:07+00:00,16,27,0,#joblessclaims #JobsReport #TrumpOwnsEveryDeath #COVID19Pandemic #COVID #coronavirus #TrumpBurialPits
5725,Thatâ€™s because the stock market is a speculative fiction run by sociopaths who are expropriating the wealth of the working masses in order to afford a second mega-yacht Jokes on them when the climate collapses and the security personnel in their private bunkers turn on them,2020-04-15 04:59:31+00:00,2,75,0,0
5731,"The main reason the media focuses on the stock market is not because it's more important than the 'real' economy. It's because that's what we can observe in real time. Jobs or GDP or wages or poverty matter more, but we only rarely get new data to report on those. #EconTwitter",2020-03-16 15:28:00+00:00,8,39,0,#EconTwitter
5739,Whats next for Canada?? Its been quite a year already Protest Blockades Stock market collapse Total economic shutdown $200 Billion deficit Pandemic hysteria Forced vaccinations Toilet paper shortages Trudeau locked in closet 4 weeks Some sort of an evil plan,2020-04-10 09:56:02+00:00,16,24,0,0
5756,"The fed has already injected $1.5 trillion and cut interest rates to zero to try to save the stock market, but it continues to crash. How about instead of bailing out the rich again we worry about the regular people? #NothingTricklesDown",2020-03-16 06:55:29+00:00,8,35,0,#NothingTricklesDown
5815,Since We don't Get involved in stock Market I guess that's why we don't know that the world Economy Still works and the Dollar Rate is getting Shitty by the Hour I don't know a better way of telling y'all that the prices on the price List has Expired. Am also heart broken ,2020-04-22 14:28:34+00:00,17,71,0,0
5893,I really don't see any way that the current shutdown isn't leading to an incredible upward transfer of wealth right now anyway. Half of normal ppl completely unemployed but stock market propped up?,2020-04-17 16:43:49+00:00,20,349,0,0
5929,"Fed has performed $287B in QE in 6 days, appears to have stabilized stock market (their goal) in order to stop a financial crisis from causing a depression. This is a $15T annual rate or 70% annual increase in money supply. Hard to imagine commodities going lower! ",2020-03-20 09:18:28+00:00,6,18,0,0
5932,"#WhatTrumpHasTaughtUs People who didn't vote for Hillary in 2016, can't bitch about COViD-19, racism, criminal justice reform, stock market, 401k, unemployment, health insurance, college debt, climate change, gun violence, women's rights, immigration reform. Sit the fuck down. pic.twitter.com/E8jPXKQESV",2020-04-08 05:17:16+00:00,9,52,0,#WhatTrumpHasTaughtUs
5959,"@TomCottonAR is talking $1000 a month &amp; this is the best the #Democrats can do,at the same time that u vote 4 #SpaceForce,prop up the stock market &amp; give Netanyahu billions to keep his apartheid government in power. Seriously. You should b ashamed but that requires a conscience.",2020-03-18 00:58:41+00:00,11,35,@TomCottonAR,#Democrats #SpaceForce
5960,"BREAKING - Biotech company Gilead says its ""experimental #COVID19 drug met its treatment goal"" in a major study. If this is related to remdesivir, it's only half-true, because there are a lot of conflicting studies. So we bank this as stock market pumping.",2020-04-29 16:39:56+00:00,12,26,0,#COVID19
5977,Corona may be destroying the stock market but itâ€™s making the Meme Economy hit highs it hasnâ€™t seen since Area 51,2020-03-19 15:10:46+00:00,4,28,0,0
5978,"From all the calls I'm having with other managers, the tide does seem to be turning to a more bullish stance. From studying past recessions, the stock market bottoms typically 6 months before the recession is over. So if this recession does not last until Q4, you should be buying",2020-03-19 18:18:54+00:00,5,32,0,0
5989,OPINION: These charts show why you shouldn't be lured into this short-lived rally in the stock market. ,2020-04-07 18:17:18+00:00,16,62,0,0
5993,Republicans didnâ€™t say a word when Fed Powell pump $3 trillions into the stock market. They only get mad when money is use for the people.,2020-05-15 19:22:35+00:00,20,105,0,0
6014,"Today the stock market declared: ""Mission Accomplished"" United States today: Total cases: 362,573 New cases: 25,900 Deaths: 10,720 New: 1,104 Does this look like ""Mission Accomplished""?",2020-04-06 21:24:58+00:00,16,37,0,0
6017,"Rep. @TimRyan shows utter ignorance of economics, fiscal policy that characterizes his Party. Tax cuts allow citizens to keep what they earn; they're not ""borrowed."" Govt. borrows to spend beyond what it should. As for stock market: where does he think pension funds are invested?",2020-05-12 23:39:20+00:00,19,61,@TimRyan,0
6028,Is he trying to make the stock market plunge again? PLEASE let Cuomo give the daily briefings. He doesn't brag about himself or lie and is much more reassuring than this guy.,2020-03-19 15:56:07+00:00,5,22,0,0
6047,5 types or stock market corrections: Healthy bull market corrections: â€“ 3-5% pullbacks â€“ 5-10% minor corrections â€“ 10-20% major corrections Serious bear markets: â€“ 20-40% minor bear market â€“ 40-70% major bear market Remember: Every larger correction starts with a small one.,2020-05-04 01:00:19+00:00,32,122,0,0
6062,"Invest your entire stimulus $1200 into the stock market. By the time you get back to work it will have doubled. For you to go back to work, the economy has to open up, which has to lead to a stock boom!",2020-04-15 14:44:39+00:00,14,46,0,0
6071,Remember- only when it affected the stock market: Trump took notice and got off his greedy ass and ineptly played catch up. More Americans will lose and did lose their life because of Donald Trump. #TrumpLiedPeopleDied #DoNothingDonald,2020-04-18 19:05:58+00:00,27,80,0,#TrumpLiedPeopleDied #DoNothingDonald
6078,SOUTH KOREA: this is what a stock market crash looks like 1. Economy starts #slowing Q118 2. Stocks crash to AUG 2019 lows 3. Econ shock = crashing faster KOSPI down another -8.4% overnight taking the crash to -43.4% since JAN 2018,2020-03-19 09:25:55+00:00,5,24,0,#slowing
6094,"Bull Trump blocked measures to slow the spread in January to try to protect the Stock Market and his trade deal. By the time he implemented a limited travel ban, it was TOO LATE! End result- 100,000 deaths, over 30 million unemployed ",2020-05-26 14:11:03+00:00,22,94,0,0
6101,"And thatâ€™s why USAmerica is basically a failed state at this point. Instead of kicking our powerful federal machine into high gear, we are holding daily propaganda sessions and pumping money into the stock market/giving millions to already rich people.",2020-04-15 20:02:04+00:00,3,21,0,0
6120,The stock market had its biggest day since early April (+3.85%) on news that Moderna's phase one coronavirus vaccine trial showed a positive first step. ,2020-05-18 20:25:00+00:00,23,69,0,0
6147,"Dallas Cowboys Dynasty Stock Market Watch | WR Fallout | ""Bulls"" &amp; ""Bears"" #CPGM #DynastyFootball #Dynadaq #Cowboys YouTube Video HERE: https://youtu.be/fF6ODM2tTWQ",2020-05-28 00:09:24+00:00,32,22,0,#CPGM #DynastyFootball #Dynadaq #Cowboys
6153,Mainstream Media got the stock market and masses by the balls. Exactly how they like to flex their power. Iâ€™m hopeful they are losing their relevancy as the masses continue to realize how they get played by them. But that might just be too optimistic.,2020-03-19 02:54:12+00:00,5,38,0,0
6176,"If he opens up your country just to get a quick fix on the stock market, itâ€™s going to come back with avengance really fast. Itâ€™s hard, but at least itâ€™s not war",2020-04-15 18:50:33+00:00,3,41,0,0
6196,Here is the thing #MoscowMitchMcConnell and Republicans are perfectly fine with Fed Powell pumping $3 TRILLIONS into stock market. But when Dems want $3T be use for the people REPUBLICANS always no.,2020-05-14 22:04:19+00:00,27,191,0,#MoscowMitchMcConnell
6211,Who needs Disneyland when the stock market is currently the wildest ride on the planet.,2020-03-16 20:23:54+00:00,13,70,0,0
6221,"Las Vegas Raiders Dynasty Stock Market Watch | WR Fallout | ""Bulls"" &amp; ""Bears"" #CPGM #DynastyFootball #Dynadaq #Raiders YouTube Video HERE: https://www.youtube.com/watch?v=xQpY2QudRqc",2020-05-26 14:42:35+00:00,32,21,0,#CPGM #DynastyFootball #Dynadaq #Raiders
6270,six million more people filed for unemployment this week and the stock market went up 2% upon opening despite that you donâ€™t have to do the math to see the government doesnâ€™t care about the people,2020-04-09 14:02:05+00:00,2,73,0,0
6301,please stop making light of all the bad things happening to the stock market right now. i am a level 10 empath and DowJonesKin and this has been having disastrous effects on my mental and physical health. i am having been coughing up hair and blood,2020-03-16 18:50:12+00:00,11,150,0,0
6323,Abolish the stock market.,2020-03-16 18:48:24+00:00,11,148,0,0
6338,School: Closed Disney: Closed Businesses: Closed Flights: Cheap or canceled Stock Market: Falling Applebeeâ€™s: Come on in for a $1 Long Island Ice Teas and a 2 for $22 with an appetizer. Open till midnight. Your Neighborhood Bar and Grill ,2020-03-18 06:18:08+00:00,4,17,0,0
6416,"Stock market investors are â€˜too optimisticâ€™ over 2020 earnings and the 2021 recovery, strategists say ",2020-05-11 11:30:47+00:00,17,31,0,0
6418,"A few key questions for the stock market 100 days since the peak. Is the rally overheating, sputtering or still running smooth? Is the â€œpain tradeâ€ still higher? What to make of the vaunted rotation toward lagging cyclical stocks? Weekend column. ",2020-05-30 12:09:26+00:00,20,142,0,0
6423,"TRICK QUESTION: If you inject a few trillion $in stimulus, but 16 million people still get laid off, yet the stock market has its best week of the decade... Who is the beneficiary of that stimulus?",2020-04-13 22:56:41+00:00,3,33,0,0
6449,"Stock market goes up, nothing happens for the workers. Stock market goes down, everyone loses their jobs.",2020-04-10 00:30:10+00:00,8,69,0,0
6467,"TOMORROW: With the stock market continuing to be volatile amid the coronavirus outbreak, @ABC Newsâ€™ @RebeccaJarvis joins us LIVE to break down the latest financial headlines.",2020-03-17 20:39:02+00:00,5,46,@ABC @RebeccaJarvis,0
6473,If we know that Bloomberg was willing to throw away nearly a billion dollars on a no-chance Presidency run... What do you think the chances are he'd be willing to burn billions more to help push the stock market down?,2020-03-16 05:43:27+00:00,11,41,0,0
6488,"Do you ask the same questions when they approved $1.5T to pump up the stock market last week? When they bail out the banks, hotels, airlines, cruise lines?",2020-03-17 16:36:41+00:00,5,67,0,0
6518,"Fight back! Pelosi and Schumer make a joint statement that they will not pass any new bailout bills without Glenn Fine oversight restored. Stock market will promptly tank by 10%, which is the only thing the Republican party cares about, and compel them to back oversight.",2020-04-07 19:15:24+00:00,14,28,0,0
6550,"This was the perfect crisis for him to actually take advantage of, but his idiotic obsession with the stock market blinded him.",2020-03-16 05:03:30+00:00,4,59,0,0
6555,Better investment than the stock market.. ,2020-04-03 02:47:20+00:00,9,17,0,0
6580,Proof if you ever need it that the stock market does not reflect the actual economy and how well most Americans are doing. ,2020-04-10 10:17:02+00:00,13,123,0,0
6591,"The Stock market has received a huge federal injection which I'm sure you and others have benefited from, while millions may someday receive crumbs from the collective taxes we pay. You're better than Thug Trump, but you're definitely not down for the people.",2020-04-10 08:49:57+00:00,3,7,0,0
6625,"Trump and top administration officials knew in Dec 2019. They knew and they lied to the American people. They made millions, billions, off their stock market trades with nonpublic information from the briefings, and they did nothing to help everyday Americans for months.",2020-04-28 13:00:17+00:00,16,35,0,0
6637,Are we entering that awkward moment... When perma-bears start realizing their Treasury bond bets will not protect them during a stock market panic and an economic downturn? Oh boy! ,2020-03-18 09:58:37+00:00,7,38,0,0
6663,"North American stock market futures are up this morning despite data showing China's GDP contracted 6.8% year over year as the coronavirus pandemic grew in Q1, the country's first contraction since 1992. Dow futures are up 750 points at this point, after a flat day Thursday.",2020-04-17 10:57:49+00:00,12,31,0,0
6708,"Coronavirus updates: Russia sees record new case increase as global death toll tops 160,000 from @CNBC - people need to realize this isnâ€™t over yet. Just because the stock market rallied and cases Peaked in NYC - Florida &amp; Texas need to behave! https://www.cnbc.com/2020/04/19/coronavirus-live-updates-asia-europe.html?__source=iosappshare%7Ccom.apple.UIKit.activity.PostToTwitter",2020-04-19 11:55:18+00:00,15,79,@CNBC,0
6711,Shorting the stock market because it is a Fed driven fraud is like betting the three card Monty dealer in Time Square because he is running a fraud,2020-05-27 20:35:08+00:00,19,100,0,0
6763,"Stocks jumped about 6% this afternoon, making up some of the losses from the stock market's worst day since 1987. ",2020-03-17 16:33:56+00:00,7,18,0,0
6787,"While 10,000 families line up for this food bank, the #GOP is happy the stock market is making some gains and #Trump wants businesses to open again. Does he even have a plan? #Texas food bank distributes a million pounds of goods to families. https://nypost.com/2020/04/10/10k-families-gathered-at-san-antonio-food-bank-distribution-event/?utm_source=twitter_sitebuttons&amp;utm_medium=site%20buttons&amp;utm_campaign=site%20buttons via @nypost",2020-04-10 16:42:10+00:00,11,17,@nypost,#GOP #Trump #Texas
6791,"In the stock market you will usually make a lot of money when: a) a lot of downside is priced in, and the underlying market gets a tad better than expected. b) lots of uncertainty. c) you're right. (essential) Some tanker companies (P/NAV 0.5-0,6x) got both a + b.",2020-05-14 20:25:41+00:00,15,85,0,0
6849,An anecdotal rule I've observed over the years in the stock market: The market will take the course that proves the greatest number of participants wrong.,2020-04-06 19:44:36+00:00,13,113,0,0
6850,I hope more people will now realize how completely disconnected the stock market is from economic indicators / realities.,2020-04-30 20:12:36+00:00,14,372,0,0
6899,The stock market had another record-breaking up day while we learned that 45% of small businesses are going to close. The stock market is not the economy.,2020-04-07 00:16:22+00:00,3,19,0,0
6936,"Bitcoin is both technology and scarce. In the beginning of a stock market crash, Bitcoin as technology sells off. But if the bear market continues then Bitcoin the scarce resource will rise. (Gold sold off too) Of course Gold fell during the bull market while Bitcoin rose. ",2020-04-16 00:05:31+00:00,0,4,0,0
6966,"Staggering. WHO declares pandemic on March 12. On March 17, @realdonaldtrump says ""I felt it was a pandemic long before it was called a pandemic."" Weeks before, he was boosting the stock market and saying the US had 15 cases and they were getting better.",2020-04-14 22:51:18+00:00,10,79,@realDonaldTrump,0
6973,"No @joekernen does NOT understand that 100,000 plus people have died. The stock market was more imporant to him. @AndrewSorkin gets it and it was great to see the passion. Hopefully, the nightmare that started 3 1/2 years ago ends in November. THANK YOU ANDrew",2020-05-27 12:53:51+00:00,17,212,@joekernen @AndrewSorkin,0
6995,One of the best stock market/option educators Iâ€™ve seen over the past 20 years is @DanFitzpatrick. His experience &amp; knowledge is rare in this industry. He has a lot of free educational resources here like â€˜Chart of the Dayâ€™-&gt; https://stockmarketmentor.com/offer/member-trial.php?utm_source=NewTraderU&amp;utm_medium=banner&amp;utm_campaign=NewTraderUMem #NTUpartner,2020-05-16 13:22:21+00:00,27,156,@DanFitzpatrick,#NTUpartner
7119,"Ask China why there was no lockdown in the US in early March...er, I mean ask anyone in the meeting at the White House on FEBRUARY 24 why mitigation strategies werenâ€™t in place by March 1st. Itâ€™s because King Covid I freaked out about the stock market reaction. #TrumpMeltdown",2020-05-12 01:22:46+00:00,12,56,0,#TrumpMeltdown
7125,"Losing tons of money on the stock market, becoming an unboxing guy, accidentally doxxing himself with a picture of all the packages he received",2020-05-14 11:40:17+00:00,0,169,0,0
7134,Time to get my stock market outfit ready for tomorrow ,2020-04-27 03:43:37+00:00,9,119,0,0
7139,"The stock market is an essential tool for building wealth â€” yes, even during a downturn ",2020-04-23 20:12:30+00:00,14,28,0,0
7144,Seen a few negative tweets about the announcement... Feel free to ask for a special offer from the stock market... #footballindex,2020-04-23 20:03:39+00:00,1,46,0,#footballindex
7145,"WTF??? 30 million people have lost their jobs, but the stock market had a great month. This proves again that Trump's concern about the stock market is not concern about ordinary Americans. ",2020-04-30 22:17:48+00:00,2,5,0,0
7160,When do you expect the next big stock market crash in 2020?,2020-05-19 21:55:13+00:00,17,15,0,0
7165,"For people who obsess about the stock market: 3 Sanders dropping out of the race would nullify the effect of coronavirus, possibly the deepest economic decline since 1929. Does this make sense? ",2020-04-08 20:47:30+00:00,4,36,0,0
7178,100% the Truth and Americanâ€™s are dying daily all because Trump turned a Blind eye he didnâ€™t want the Economy or Stock market to fall it would look bad for him to Voters so he sold out Americanâ€™s lives all for Personal Gain . Vote Blue Vote Biden 2020 America needs it. ,2020-05-18 04:43:01+00:00,17,21,0,0
7193,"What this and the stock market shows is that inequality is so great and the system so rigged in favor of the wealthy, that even when facing the worst economic collapse, they are only slightly worried about losing their wealth. The large banks are criminal enterprises. ",2020-04-23 12:10:24+00:00,14,42,0,0
7218,My mental health is now synched with the stock market. @pdacosta,2020-04-03 04:05:18+00:00,3,10,@pdacosta,0
7233,"The Chinese stock market, unlike it's Western/capitalist counterpart, is obviously a tool of the state designed to empower workers and lift people out of poverty. It has nothing to do with immense accumulation of wealth amongst Chinese elites.",2020-05-12 14:17:03+00:00,0,19,0,0
7240,Jan 22: â€œWe have it totally under control. Itâ€™s one person coming in from China. Itâ€™s going to be just fine.â€ Feb 2: We pretty much shut it down coming in from China.â€ Feb 24: â€œThe Coronavirus is very much under control in the USA Stock Market starting to look very good to me! DT,2020-04-14 00:59:57+00:00,7,40,0,0
7260,"FRANCE: stock market crash continues this morning with the CAC down another -1.3%, crashing -27.6% since FEB ",2020-04-24 09:19:18+00:00,9,26,0,0
7261,The Federal Reserve saved the stock market from a classic vicious cycle of the popped bubble they created. They have not fixed the problem of too much debt at all levels of society. So yes asset holders have been bailed out... ,2020-04-10 13:25:23+00:00,10,19,0,0
7296,"Umm... Because the stock market is about as rational as a casino? (If POUTS can bankrupt the same casino 4 times, how long do you think it'll be before he bankrupts the United States?) ",2020-04-23 22:17:56+00:00,9,29,0,0
7305,"Why aren't US stock market ""patriots"" long US Treasury Bonds and US Dollars? ",2020-05-07 11:12:24+00:00,0,57,0,0
7306,The stock market when your not looking ,2020-04-20 10:32:17+00:00,1,41,0,0
7309,Actual economy is dead. But stock market is going up again. What an illusion! We are living in this artificial environment they created. ,2020-04-07 00:22:14+00:00,4,34,0,0
7311,"I love how idiotic the stock market swings are. Yesterday it shot up because idiots think things might open back up (waaaaay too early). After hours, reality sets in, and down it goes! Most of these trades are algorithmic, written by men. They seem too emotional. ",2020-04-15 12:41:40+00:00,6,16,0,0
7316,This is no April Fools' joke. March 2020 was the craziest month in stock market history. My latest: ,2020-04-01 12:40:18+00:00,11,90,0,0
7419,Ordinary investors warned as hundreds of millions lost on volatile Australian stock market ,2020-05-06 04:05:40+00:00,12,44,0,0
7420,The â€˜golden putâ€™ on the stock market is not good for the economy in the long run but is popular with the middle classes. Nice piece by â¦@Noahpinionâ©,2020-04-28 05:23:24+00:00,13,54,@Noahpinion,0
7441,Oh I wanna have $5M in the stock market too,2020-05-05 04:39:27+00:00,0,17,0,0
7474,Itâ€™s the workers in this country that keep the economy moving-an up stock market means a good economy for only the 1%. Our workers need a livable wage and the Senate must stop giving our $to the corps so then they can supposedly let us keep jobs. Vote Vandermass! #wtpSenate,2020-05-04 20:22:31+00:00,16,12,0,#wtpSenate
7476,Thereâ€™s a stock market where everyone only ever makes money because money is fake and channeled through turnips,2020-04-16 00:18:13+00:00,1,106,0,0
7504,5 things to know before the stock market opens Monday https://cnb.cx/3dbLpvo,2020-05-04 11:42:23+00:00,12,24,0,0
7525,"Dear Followers, Today I am going to share the link and name of books which will help to learn about Indian stock market basic structure, derivatives, &amp; advanced technical analysis. Find Books detail in reply&gt;&gt;&gt; ",2020-05-03 06:40:02+00:00,16,62,0,0
7660,Liar. You have no idea why they hired him and it is NOT illegal to serve on a board. It is illegal to insider trade in the stock market though. ,2020-05-20 21:08:27+00:00,15,28,0,0
7671,"â€œThe crowds..'liberation ralliesâ€™ r lowing cattle, led down a chute to be fed or slaughtered..Their ignorance of their own state as philosophical zombies whose lives Trump is literally willing 2 sacrifice for a tiny bump in the stock market"" https://bit.ly/2S4rXsz @TheRickWilson",2020-04-18 20:50:18+00:00,9,29,@TheRickWilson,0
7698,"The stock market?? No thanks, I would never invest in something as unstable as I am!!",2020-04-25 02:30:36+00:00,2,38,0,0
7715,"They thought nothing of shattering business confidence, violating contractual rights, wrecking tens of millions of lives, prohibiting freedom in association, tanking the stock market, shutting down international travel, and closing the churches. https://www.aier.org/article/the-world-will-backlash-in-mostly-good-ways/ from @aier",2020-04-24 13:27:56+00:00,2,9,@aier,0
7734,"""WHO OPPOSES HELP FOR OUR MOST VULNERABLE PERSONS THAT WORK FR PAYCHECK TO PAYCHECK & POOR STARVING RETIREES? A.-STOCK MARKET CROOKS (9 TRILLION) &amp; THE FED PLUS DEMOCRATS. FROM NOW ON YOU WILL ONLY VOTE FOR PRO UNIVERSAL BASIC INCOME CANDIDATES. "" ""Retweet 100 Times, We all win"" ",2020-04-01 00:12:52+00:00,4,2,0,0
7776,"Exclusive: The London stock market will tomorrow see the first acquisition of a big stake in a listed company by a private equity firm for more than a decade when Clayton Dubilier &amp; Rice becomes a major shareholder in SIG, the building materials group. ",2020-05-28 20:13:43+00:00,12,26,0,0
7812,if you arenâ€™t investing in the volatile stock market right now youâ€™re a pussy,2020-05-07 01:43:58+00:00,14,155,0,0
7839,Trump failed miserably and has blood on his hands. He was briefed in December and did nothing to try to protect the Stock Market and his re-election ,2020-04-07 23:49:40+00:00,7,55,0,0
7870,Stock market is up almost 30% since it bottomed. Maybe stop reporting on Wall St as a gauge for the economy. Maybe stop pretending the private sector doesn't rely on govt bail outs. Maybe stop pretending the economy was great 2 months ago. Maybe stop .. never mind. I'm exhausted. ,2020-04-30 12:42:50+00:00,4,19,0,0
7885,The stock market follows a mob mentality of the dumbest and most emotional kind. I am beyond shocked.,2020-04-21 14:13:50+00:00,2,24,0,0
7909,"actually, should have said ""does NOT"" require an article. The stock market is a measure of expected corporate profits, not economic health. We have to beat that into everyone's head. ",2020-04-30 16:01:02+00:00,10,25,0,0
7932,Well â€” regardless of whether the ever-flimsier Reade allegations are true â€” Biden isnâ€™t a Putin-loving wannabe dictator who loathes the Constitution and the rule of law and would let tens of thousands of people die to avoid a stock market slump. So thereâ€™s that.,2020-05-03 05:46:38+00:00,1,42,0,0
7933,what are the business students gonna do when they realize the stock market isnâ€™t real,2020-04-21 01:26:07+00:00,2,22,0,0
7938,They all doing it because Trump let them know before he states a tweet. And stock market reacts. Thatâ€™s why they love him he is helping them make money on the stock market by manipulating it.,2020-04-07 06:39:40+00:00,7,22,0,0
7947,"Looting, burning and destroying businesses makes the stock market go up, right?",2020-05-30 10:04:05+00:00,0,26,0,0
7979,How to earn interest for idle money in Trading Account from ETF???? If You want to watch Full Video Click On below link: https://www.youtube.com/watch?=DuYNZZbzkuM&amp;t=206s For More Videos on Stock Market Follow Evergreen Stock Market YouTube Channel. https://www.youtube.com/channel/UCW6nzam4qfMDnfpx1zyoKXw@EvergreenStock @Free_StockTips ,2020-05-29 15:25:19+00:00,0,0,@Free_StockTips,0
7997,The stock market is not the economy. The oil market is the economy.,2020-04-20 20:31:44+00:00,2,31,0,0
7998,daniil: i heard there was a stock market crash. is my portfolio safe? a: your neopets portfolio? daniil: yeah is it affected? a: n. no your neopets portfolio is safe daniil: oh ok :),2020-04-24 02:50:22+00:00,3,11,0,0
8013,"The ONLY reason the stock market hasn't fallen off a cliff right now is because there is SO MUCH HOPEIUM that this will resolve by tomorrow. THe main reason WTI is negative is because so many investors believed Trump's ""Open by Easter"" in mid-March!! 100% of that demand is fake!",2020-04-20 19:03:22+00:00,2,21,0,0
8070,This is now the second 55% round trip swing weâ€™ve had within two years. Like some third world sh*t show stock market Total manipulated f*cking joke Powell Pirouette Part 2,2020-04-17 02:47:26+00:00,11,100,0,0
8132,"700+ China Company helped by Wall-street to have their stock on U.S stock market and all gross sales net sales earning data are un-auditable , that's the way how they gain capital from united state, by the way, those company are owned by CCP official's and it's family member.",2020-05-12 09:41:48+00:00,9,23,0,0
8139,Watching The Dark Knight Rises and guy just said that Bane attacking the stock market would mean the money in someone's mattress would be worth less... I cringed at how poor an understanding of inflation that was lmao,2020-05-25 02:47:09+00:00,0,25,0,0
8172,Its the combination of everything. Trillions given to the stock market. 30 mil unemployed. Kids in debt no future. The virus that they knew was serious but waited to take action. People are just fed up and its righteous anger.,2020-05-30 05:20:45+00:00,1,15,0,0
8174,"Time and time again, when it comes to the real estate market, stock market, or the goddam market for your grandmotherâ€™s antique vases, self-described real estate â€œexpertsâ€ will make predictions without any end-dates. https://torontorealtyblog.com/blog/beware-the-real-estate-raindance/ #realestate #blogger #wednesday #mood",2020-04-22 15:02:13+00:00,3,13,0,#realestate #blogger #wednesday #mood
8213,#WSJWhatsNow: The stock market fizzled this week with all eyes fixed on oil. @paulvigna breaks down the winners and losers. https://on.wsj.com/2Y4myFI,2020-04-24 17:45:00+00:00,10,37,@paulvigna,#WSJWhatsNow
8219,Goldman Says Buy Worldâ€™s Worst Stock Market Because Rebound Is Coming https://assets.bwbx.io/s3/readings/QAOUHZT1UM0X1590103286519.mp3,2020-05-22 01:03:50+00:00,0,44,0,0
8230,Dow Jones Futures Signal Another Coronavirus Stock Market Rally Sick Day On Jobless Claims https://www.investors.com/market-trend/stock-market-today/dow-jones-futures-coronavirus-stock-market-rally-apple-tesla-stock-cisco-earnings/ $CSCO $MA $TSLA $AAPL $NOW $FB $GOOGL,2020-05-14 12:45:16+00:00,11,17,0,0
8234,basically demanding to speak with the stock market's manager,2020-05-21 14:58:46+00:00,0,49,0,0
8254,"In the United States our essential workers are essential for the stock market, not our lives. Really is time to eat the rich. ",2020-04-02 09:59:58+00:00,5,17,0,0
8278,GOOD JOB STOCK MARKET...!!!! Up 911.95 today..!! ,2020-05-18 20:11:07+00:00,16,26,0,0
8286,Here is Howard Marks excellent letter https://www.oaktreecapital.com/docs/default-source/memos/which-way-now.pdf I agree itâ€™s a time to be a â€˜worrier not a dreamerâ€™ in the stock market Itâ€™s also a time for â€˜Warriors not Worriersâ€™ in the start up world (my words) Discuss ...,2020-04-01 12:09:34+00:00,7,34,0,0
8346,The billion dollar question: what if the US stock market rally is confusing liquidity with solvency? @gilliantett spot on https://www.ft.com/content/cc31fe38-8adb-11ea-9dcb-fe6871f4145a via @financialtimes,2020-04-30 21:30:04+00:00,7,23,@gilliantett @FinancialTimes,0
8401,CSK lose whopping â‚¹200 crore in stock market during last two months: Report #CSK #IPL2020 #Cricketnews #Sportsbusiness,2020-04-01 09:35:56+00:00,6,22,0,#CSK #IPL2020 #Cricketnews #Sportsbusiness
8411,"Now that we're (kinda) able to measure Covid-19 infection rates, we can and should use those measurements to calibrate the lockdown city by city and state by state. Throwing darts at a calendar while looking anxiously at the stock market is absolutely the wrong way to do this.",2020-05-15 11:15:40+00:00,2,14,0,0
8417,Real Economy: 30M unemployed Stock Market: New Highs Here We Come Wow ,2020-05-11 02:18:42+00:00,8,97,0,0
8439,"When many people in Australia are under financial pressure and don't own shares, it's hard for them to care about a few shareholders who lose all their money to stock market scams. This is why the rich steal from the middle class through the stockmarket. Its all just 'business'.",2020-05-15 05:50:15+00:00,2,8,0,0
8444,Falling dividends make clear the folly of saving in the stock market to fund pensions ,2020-04-30 09:12:50+00:00,7,8,0,0
8451,"$LTHM's 10-day Moving Average crossed below its 50-day Moving Average on May 13, 2020. View odds for this and other indicators: https://tickeron.com/go/1609726 #Livent #stockmarket #stock #technicalanalysis #money #trading #investing #daytrading #news #today",2020-05-16 00:01:33+00:00,0,0,0,#Livent #stockmarket #stock #technicalanalysis #money #trading #investing #daytrading #news #today
8454,"Pay attention to whatâ€™s happening in the academic-industrial complex. Itâ€™s going to affect you, the stock market, the job market, the global economic bottom line. The people who are happy to see it broken are the people who profit from collective stupidity.",2020-04-19 03:50:54+00:00,3,33,0,0
8533,"GERMANY: stock market down another -1.5% on the open, taking its bear market to -22.8% ",2020-05-13 09:58:41+00:00,2,20,0,0
8602,Your salary will not make you rich You have to make your money work for you. Invest in + Your side business + Stock market + Real estate You'll start your journey to financial freedom from the day you figure out a way to make your money work for you,2020-05-05 15:32:03+00:00,11,67,0,0
8606,"If he UsEd hALF oF hIS mOnEY tO sAvE tHe wOrLD, it would literally crash the stock market. Most rich people have assets and not liquid cash. They canâ€™t just give out money if they wanted to. THE INTERNET IS FREE YALL. THE. INTERNET. IS. FREE.",2020-05-15 18:58:14+00:00,3,19,0,0
8667,So focused on the stock market and oil I almost missed $tel randomly going up 25% today!!! Donâ€™t sleep on @telcoin_team my friends.,2020-04-21 04:04:40+00:00,4,29,@telcoin_team,0
8672,Let's add to that the Bank of Japan (BoJ) owns roughly 5% of the Japanese stock market and more than 50% of the Japanese government bond market. BoJ is also a major shareholder in more than 50% of approximately 3800 Japanese listed companies.,2020-05-31 11:19:40+00:00,9,51,0,0
8772,"If the Devil visited Donald Trump tonight and said: â€œI can make the stock market go up, but for every point it rises, 1000 extra people will die from the virus.â€ So 8000 point market rise = 8 million extra dead Americans How fast would he sign his scribblenature on that deal?",2020-05-16 00:39:36+00:00,1,22,0,0
8857,"Is this the winning Trump promised? â€¢105,00 COVID deaths â€¢36 million unemployed â€¢America is burning â€¢worst stock market in history â€¢Mexico didnâ€™t pay for wall â€¢over 18,000 documented lies â€¢340 million cost for his golf trips #protests2020 #MAGA",2020-05-31 18:01:02+00:00,8,12,0,#protests2020 #MAGA
8868,"Let's recap the winning shall we? #Winning 1. 110k people dead, states opening, ""nothing to see here, all good"". 2. Amerika on fire, riots across the US and at embassies around the world. 3. 40 million unemployed and the stock market still in the tank.",2020-05-30 23:32:39+00:00,8,27,0,#Winning
8872,"This is a lie. VP Biden while serving in Pres. Obama's administration helped America recover from Bush's Recession, Recovered jobs, saved Auto & Banking industry, saved the stock market, created jobs &amp; trained workers for a 21st century economy &amp; with vision for the future.",2020-05-17 19:08:27+00:00,13,92,0,0
8876,IBD Live Tuesday Recap: Stock Market Rally Takes Negative Turn; Here's How To Manage Your Portfolio #IBDLive,2020-04-22 02:57:15+00:00,5,16,0,#IBDLive
8922,what if you did a twitch plays pokemon style bot but it invests in the stock market,2020-04-20 18:26:53+00:00,7,123,0,0
8940,"'The stock market has soared in response to the Fedâ€™s enhanced activism. The result is continued under-appreciation of liquidity risks, deeper unhealthy co-dependency between central banks and markets and an increased risk of instability down the road.' ",2020-04-20 15:22:12+00:00,5,27,0,0
8958,Man I appreciate yâ€™all so much. Iâ€™m glad you guys like the stock market gems course ,2020-05-08 19:26:34+00:00,3,136,0,0
8977,A turbulent stock market is a boon to investing-focused fintech ,2020-05-05 12:09:56+00:00,2,18,0,0
8989, Friday special $50 Stock Market Fundamentals $50 Crisis Money $85 Options Workshop Pick one or pick them all They all complement each other. Only 50 of these ,2020-05-15 17:13:08+00:00,4,31,0,0
9013,"Trump tweeted, â€œStock Market up BIG, DOW crosses 25,000. S&amp;P 500 over 3000. States should open up ASAP. The Transition to Greatness has started, ahead of schedule. There will be ups and downs, but next year will be one of the best ever!â€ So â€œTransition to Greatnessâ€ is a slogan?",2020-05-27 00:05:00+00:00,8,37,0,0
9022,State of the market video where I give my opinion on what I am seeing in the stock market. $spx $qqq $iwm $dja $xlf $smh $valug $xsw $hack $xlv I tried Zoom this week to record the video... check it out ,2020-04-18 17:07:02+00:00,7,52,0,0
9030,The DJIA just posted its best 2-week run in 82 yearsâ€¦ All while the United States recorded 22 million job losses. This should destroy any notion of the stock market being tied to how good the economy is. Next time Trump tries to tell you that heâ€™s good for the economy? Nope.,2020-04-19 22:36:59+00:00,5,25,0,0
9062,"To those who failed Economics 101 A great stock market does NOT equal a great economy. We do NOT have a great economy if people are working two jobs and are $400.00 away from catastrophe. Tariffs are paid by the American consumer, NOT the country that has tariffs against it. ",2020-04-16 17:28:29+00:00,7,17,0,0
9073,"Over the long run, the growth in the underlying business/reinvestment of capital at a decent rate causes the stock (market cap) to appreciate. This is why the stocks (market caps) of the rapidly growing companies (if bought at a reasonable valuation) do better than average.",2020-05-24 00:42:43+00:00,8,133,0,0
9078,"We know virus originated in China, but by the time we acted,there were more cases coming from Europe &Trump just muzzled the news so his precious stock market wouldnâ€™t crash. How long did he think he could hide Covid19? Never occurred to him to roll up sleeves &amp;fight it!",2020-05-07 01:31:22+00:00,3,30,0,0
9110,Ex-DMN reporter Sam Acheson writing about The Dallas Morning News in 1938. The US economy was still recovering from the stock market crash of 1929. ,2020-04-18 21:58:52+00:00,5,21,0,0
9122,"Thinking the stock market wouldnâ€™t notice a global pandemic tearing through our population and therefore ignoring it and lying about it for months, is not the strategy of a healthy, functioning adult.",2020-05-15 12:06:57+00:00,7,73,0,0
9124,"8. And while China plans for a maximum prize, our Prime Clown risks entire Army into one Kashmir Valley, again to feed Red Meat to the Middle Class from Hell. Universities FAILING, Joblessness 45% in Youth, Stock Market is 10% down in $terms, NPAs Skyrocketing, MSMEs crushed..",2020-05-20 19:49:52+00:00,9,27,0,0
9183,"â€œBecause the study timeline captures the stock market bottom and quick rebound, it creates a slightly sunnier picture for billionaires than the full year. For the year, Buffettâ€™s wealth has declined by $20 billion, according to the BBI, while Gates is down by $4.3 billion.â€",2020-05-21 19:17:14+00:00,8,81,0,0
9252,"'The Economy' rests on other people's excess profit, on the Stock Market. The health of a nation does not rest on shareholders' profit &amp; the wealth of the nation rests on ALL the people profiting from a fair system that acknowledges we all might come to be in need. #UBInow",2020-05-12 11:20:53+00:00,7,16,0,#UBInow
9388,Impeached Trump was running up our national debt to keep the stock market high. So we could have a platform for re-election what the idiot and chief never understood just like with his failed casino you have to pay that money back Covid-19 just accelerated the inevitable.,2020-05-31 18:34:34+00:00,3,10,0,0
9402,"Tooks some profits off the stock market cause the money printer go brrrrr pump. Also bought the #Crypto market dip, loaded up on more #Bitcoin, #Ethereum and #XRP. Also added #Chainlink to my portfolio. #HODL",2020-05-22 17:31:59+00:00,10,68,0,#Crypto #Bitcoin #Bitcoin #Ethereum #XRP #Chainlink #HODL
9433,"Common mate.. I want 3200 spx on Monday.. we need more recession, protest, trade war , china war, india war etc etc to achieve fastest stock market high in history.",2020-05-30 14:41:36+00:00,3,45,0,0
9438," Frustrated sports punters turn to US stock market - FT *Three of the top online brokerages see almost 800,000 sign-ups in March and April. *Link: https://on.ft.com/2XgC3Z0",2020-05-21 14:58:22+00:00,10,20,0,0
9439,"Today is #DiversityDay in Germany. Here some figures: In senior executive positions among the largest 50 corporations listed on the stock market in Germany 14 % are women, in Denmark 17%, UK 22 %, Sweden 23 %, and Norway 27 %. All far below 50 %. (Source: @eurogender)",2020-05-26 10:48:58+00:00,2,9,@eurogender,#DiversityDay
9461,This is not a stock market Pump speech on China,2020-05-29 18:50:45+00:00,3,84,0,0
9463,Here are six risks to the stock market recovery identified by Goldman's chief US equity strategist David Kostin. ,2020-05-12 07:21:41+00:00,5,21,0,0
9531,"Stock market's doing great, but 100,000 Americans are dead and 40 million+ are out of work. Fuck the stock market. It's not an economic indicator. It's the rich people economic indicator, and most of us aren't them. (No, I don't give a shit if your retirement is in stocks)",2020-05-28 18:29:46+00:00,3,19,0,0
9539,Here's what the stock market chart is going to look like the next couple years. ,2020-05-01 21:22:24+00:00,4,26,0,0
9540,We should inject the stock market directly into the body,2020-05-08 18:12:20+00:00,5,26,0,0
9551,"Imagine what the #TrumpDeathToll96K would be today if churches would have opened by Easter Sunday, like *45 wanted. How many American lives are you Rethuglicans willing to sacrifice for the Stock Market? ",2020-05-22 02:13:04+00:00,2,33,0,#TrumpDeathToll96K
9581,DONT BE AFRAID TO INVEST IN THE STOCK MARKET,2020-05-20 19:30:16+00:00,2,22,0,0
9589,"Best nurses create massive difference. Average ones still care. Incompetent nurses can shatter families. Donâ€™t underestimate ripple effect. Health professionals deal with lives, not stock market or money that can be recovered once itâ€™s lost.",2020-05-01 00:04:16+00:00,4,11,0,0
9602,"Nobody can predict interest rates, future direction of the economy, or the stock market. Dismiss all such forecasts and concentrate on whats actually happening to the companies in which you have invested. -- Peter Lynch",2020-05-07 07:54:03+00:00,5,39,0,0
9638,The stock marketâ€™s rallying while the economyâ€™s tanking â€” hereâ€™s the simple explanation for that https://www.marketwatch.com/story/the-stock-markets-rallying-while-the-economys-tanking-it-all-makes-perfect-sense-2020-05-02?reflink=mw_share_twitter $SPY $GOLD $SILVER,2020-05-06 04:16:10+00:00,5,8,0,0
9645,"â€œTake Americaâ€™s elites. Theyâ€™ve been trained to look at one number, maybe three, and adore them like wide-eyed children: GDP, the stock market, and possibly how many ultra rich people America has.â€ â€” @umairh",2020-05-02 18:58:03+00:00,6,20,@umairh,0
9649,Trump won't do anything about China because the stock market would go down. Trump won't do anything about social media censorship because the stock market would go down. Every single issue is like this.,2020-05-29 19:27:37+00:00,4,20,0,0
9663,"I joined @safalniveshak to receive practical, time-tested ideas on stock market investing. I recommend you join too! Great thoughts I've seen from Safal https://www.safalniveshak.com/ #stockmarket #investing",2020-05-02 07:44:24+00:00,6,26,@safalniveshak,#stockmarket #investing
9695,"I get the problem. You're conflating the economy with Wall Street, which is popular for politicians to do, and so permeates discourse. You're right: stock market isn't where we get groceries. However, the economy is how people exchange goods. Thus, how we get food.",2020-05-16 02:26:32+00:00,2,34,0,0
9707,Unemployment Retail sales Stock Market My mental health with my short positions ,2020-05-16 00:53:22+00:00,2,24,0,0
9776,Yâ€™all make 10 dollars on the stock market and add entrepreneur in your Instagram bio,2020-05-02 06:24:52+00:00,5,15,0,0
9796,Our new paper on stock market expectations. Analysts expect the current crisis to last well into 2022 ,2020-05-01 20:29:36+00:00,5,23,0,0
9837,"Excuse me, can you give me directions to the human capital stock market?",2020-05-25 20:54:56+00:00,6,44,0,0
9854,"If $BTC doesn't pump with stocks I'll be disappointed $SPX stock market opens higher while Bitcoin has a nice wick down Good news is that Bitcoin continues to holds above $9550 and as long as that stays true, not too worried ",2020-05-18 13:55:28+00:00,3,86,0,0
9861,Trump claimed CNN and MSNBC were trying to drive down the stock market. â€œI want to get Comcast!â€ he told a prominent Republican. ,2020-05-30 18:08:48+00:00,5,13,0,0
9974,I was wrong to assume that at least *most* people would consider human lives more important than Donald Trump's reelection or the stock market. ,2020-05-16 06:17:56+00:00,6,63,0,0
